date,views,view_uniques,clones,clone_uniques,release_downloads,releases,stars,forks,note
2026-07-28,0,0,0,0,,,,,
2026-07-29,0,0,0,0,,,,,
2026-07-30,1,1,1,1,,,,,
2026-07-31,0,0,0,0,,,,,
2026-08-01,0,0,0,0,,,,,
2026-08-02,0,0,3,2,,,,,
2026-08-03,2,1,0,0,,,,,
2026-08-04,0,0,0,0,,,,,
2026-08-05,0,0,0,0,,,,,
2026-08-06,0,0,3,2,,,,,
2026-08-07,0,0,0,0,,,,,
2026-08-08,0,0,0,0,,,,,
2026-08-09,0,0,0,0,,,,,
2026-08-10,0,0,0,0,,,,,
2026-08-11,0,0,128,51,,,,,
2026-08-12,19,1,256,67,33,9,0,0,
2026-08-13,1,1,10,6,56,9,0,0,
2026-08-14,0,0,8,5,63,9,0,0,
2026-08-15,0,0,6,4,64,9,0,0,
2026-08-16,0,0,9,6,65,9,0,0,
2026-08-17,0,0,8,6,67,9,0,0,
2026-08-18,0,0,11,7,69,9,0,0,
2026-08-19,0,0,8,5,73,9,0,0,
2026-08-20,0,0,9,6,74,9,0,0,
2026-08-21,0,0,9,5,76,9,0,0,
2026-08-22,1,1,9,5,77,9,0,0,
2026-08-23,0,0,8,5,81,9,0,0,
2026-08-24,0,0,12,7,86,9,0,0,
2026-08-25,0,0,10,7,90,9,0,0,
2026-08-26,0,0,9,6,93,9,0,0,
2026-08-27,0,0,16,9,99,9,0,0,
2026-08-28,0,0,9,6,101,9,0,0,
2026-08-29,0,0,11,7,102,9,0,0,
2026-08-30,3,1,19,7,104,9,0,0,
2026-08-31,0,0,11,5,105,9,0,0,
2026-09-01,0,0,10,5,106,9,0,0,
2026-09-02,0,0,10,5,108,9,0,0,
2026-09-03,3,2,9,5,109,9,0,0,
2026-09-04,,,,,110,9,0,0,
